feature	metadata	value	coef	stderr	N	N.not.0	pval	qval
Streptococcus_salivarius	strep_exposure	Y	3.69797759596278	0.160099018311754	12	12	5.22849481398528e-10	8.62701644307571e-08
Bifidobacterium_longum	strep_exposure	Y	-0.581259334976806	0.0805953858591019	12	12	2.8846978715452e-05	0.00237987574402479
Bifidobacterium_animalis	strep_exposure	Y	-0.567837519469915	0.0971330852761228	12	12	0.00016249271222071	0.00893709917213907
Lactobacillus_acidophilus	strep_exposure	Y	-0.894390113654834	0.199300533698194	12	12	0.00116515161190736	0.0480625039911788
Dorea_longicatena	strep_exposure	Y	0.21971118429317	0.0563593718804322	12	12	0.00296873649348706	0.0979683042850728
Bifidobacterium_bifidum	strep_exposure	Y	-0.453587441268002	0.120258000584229	12	12	0.00365082558263258	0.100397703522396
Prevotella_copri_clade_A	strep_exposure	Y	0.296328754191073	0.0810760607071386	12	12	0.00442591887748309	0.10432523068353
Roseburia_faecis	strep_exposure	Y	0.725752181179108	0.203782521527188	12	12	0.00516914252450554	0.106613564567927
Escherichia_coli	strep_exposure	Y	-0.627842919508833	0.195239602959153	12	12	0.00924140115683725	0.16942568787535
