feature	metadata	value	coef	stderr	N	N.not.0	pval	qval
Streptococcus_salivarius	treatment	S	3.59383983212791	0.228818859808377	12	12	2.696312573085e-07	8.0496296551301e-05
Streptococcus_salivarius	treatment	FS	3.50813555538345	0.228818859808377	12	12	3.25237561823438e-07	8.0496296551301e-05
Fusobacterium_nucleatum	treatment	F	5.51242975788895	0.670168234802384	12	6	3.57314476200037e-05	0.00589568885730062
Bifidobacterium_longum	treatment	FS	-0.606156404751551	0.0950522019244423	12	12	0.000214307886217191	0.0265206009193773
Bifidobacterium_animalis	treatment	S	-0.718800217815685	0.117582119289058	12	12	0.000285301546188959	0.0282448530727069
Bifidobacterium_animalis	treatment	FS	-0.695338135761459	0.117582119289058	12	12	0.000356231660772511	0.0293891120137322
Bifidobacterium_longum	treatment	S	-0.413340861390165	0.0950522019244423	12	12	0.00244999277431344	0.173249489040736
Prevotella_copri_clade_A	treatment	S	0.437636642142239	0.103105247206254	12	12	0.00281991998430453	0.174482549028843
Escherichia_coli	treatment	FS	-0.959487366525961	0.237029550858973	12	12	0.00369463526675595	0.203204939671577
